id,genre,title,author,content
1,유머,웃긴 이야기 모음집 1권,에드거 윌슨,웃긴 이야기 모음집 1권의 흥미로운 내용입니다.
2,유머,웃음의 과학 2권,피터 맥그로우,웃음의 과학 2권의 흥미로운 내용입니다.
3,유머,웃음의 과학 3권,피터 맥그로우,웃음의 과학 3권의 흥미로운 내용입니다.
4,유머,웃음의 과학 4권,피터 맥그로우,웃음의 과학 4권의 흥미로운 내용입니다.
5,유머,개그본능 5권,김제동,개그본능 5권의 흥미로운 내용입니다.
6,유머,개그본능 6권,김제동,개그본능 6권의 흥미로운 내용입니다.
7,유머,웃음의 과학 7권,피터 맥그로우,웃음의 과학 7권의 흥미로운 내용입니다.
8,유머,개그본능 8권,김제동,개그본능 8권의 흥미로운 내용입니다.
9,유머,개그본능 9권,김제동,개그본능 9권의 흥미로운 내용입니다.
10,유머,웃긴 이야기 모음집 10권,에드거 윌슨,웃긴 이야기 모음집 10권의 흥미로운 내용입니다.
11,유머,웃음의 과학 11권,피터 맥그로우,웃음의 과학 11권의 흥미로운 내용입니다.
12,유머,개그본능 12권,김제동,개그본능 12권의 흥미로운 내용입니다.
13,유머,개그본능 13권,김제동,개그본능 13권의 흥미로운 내용입니다.
14,유머,개그본능 14권,김제동,개그본능 14권의 흥미로운 내용입니다.
15,유머,웃음의 과학 15권,피터 맥그로우,웃음의 과학 15권의 흥미로운 내용입니다.
16,유머,개그본능 16권,김제동,개그본능 16권의 흥미로운 내용입니다.
17,유머,웃긴 이야기 모음집 17권,에드거 윌슨,웃긴 이야기 모음집 17권의 흥미로운 내용입니다.
18,유머,웃긴 이야기 모음집 18권,에드거 윌슨,웃긴 이야기 모음집 18권의 흥미로운 내용입니다.
19,유머,웃음의 과학 19권,피터 맥그로우,웃음의 과학 19권의 흥미로운 내용입니다.
20,유머,웃음의 과학 20권,피터 맥그로우,웃음의 과학 20권의 흥미로운 내용입니다.
21,유머,개그본능 21권,김제동,개그본능 21권의 흥미로운 내용입니다.
22,유머,개그본능 22권,김제동,개그본능 22권의 흥미로운 내용입니다.
23,유머,웃음의 과학 23권,피터 맥그로우,웃음의 과학 23권의 흥미로운 내용입니다.
24,유머,웃긴 이야기 모음집 24권,에드거 윌슨,웃긴 이야기 모음집 24권의 흥미로운 내용입니다.
25,유머,웃긴 이야기 모음집 25권,에드거 윌슨,웃긴 이야기 모음집 25권의 흥미로운 내용입니다.
26,유머,웃음의 과학 26권,피터 맥그로우,웃음의 과학 26권의 흥미로운 내용입니다.
27,유머,웃긴 이야기 모음집 27권,에드거 윌슨,웃긴 이야기 모음집 27권의 흥미로운 내용입니다.
28,유머,웃음의 과학 28권,피터 맥그로우,웃음의 과학 28권의 흥미로운 내용입니다.
29,유머,웃긴 이야기 모음집 29권,에드거 윌슨,웃긴 이야기 모음집 29권의 흥미로운 내용입니다.
30,유머,웃음의 과학 30권,피터 맥그로우,웃음의 과학 30권의 흥미로운 내용입니다.
31,역사,사피엔스 1권,유발 하라리,사피엔스 1권의 흥미로운 내용입니다.
32,역사,사피엔스 2권,유발 하라리,사피엔스 2권의 흥미로운 내용입니다.
33,역사,사피엔스 3권,유발 하라리,사피엔스 3권의 흥미로운 내용입니다.
34,역사,"총, 균, 쇠 4권",재레드 다이아몬드,"총, 균, 쇠 4권의 흥미로운 내용입니다."
35,역사,역사의 역사 5권,유시민,역사의 역사 5권의 흥미로운 내용입니다.
36,역사,"총, 균, 쇠 6권",재레드 다이아몬드,"총, 균, 쇠 6권의 흥미로운 내용입니다."
37,역사,역사의 역사 7권,유시민,역사의 역사 7권의 흥미로운 내용입니다.
38,역사,사피엔스 8권,유발 하라리,사피엔스 8권의 흥미로운 내용입니다.
39,역사,역사의 역사 9권,유시민,역사의 역사 9권의 흥미로운 내용입니다.
40,역사,사피엔스 10권,유발 하라리,사피엔스 10권의 흥미로운 내용입니다.
41,역사,"총, 균, 쇠 11권",재레드 다이아몬드,"총, 균, 쇠 11권의 흥미로운 내용입니다."
42,역사,역사의 역사 12권,유시민,역사의 역사 12권의 흥미로운 내용입니다.
43,역사,"총, 균, 쇠 13권",재레드 다이아몬드,"총, 균, 쇠 13권의 흥미로운 내용입니다."
44,역사,역사의 역사 14권,유시민,역사의 역사 14권의 흥미로운 내용입니다.
45,역사,역사의 역사 15권,유시민,역사의 역사 15권의 흥미로운 내용입니다.
46,역사,역사의 역사 16권,유시민,역사의 역사 16권의 흥미로운 내용입니다.
47,역사,역사의 역사 17권,유시민,역사의 역사 17권의 흥미로운 내용입니다.
48,역사,사피엔스 18권,유발 하라리,사피엔스 18권의 흥미로운 내용입니다.
49,역사,"총, 균, 쇠 19권",재레드 다이아몬드,"총, 균, 쇠 19권의 흥미로운 내용입니다."
50,역사,사피엔스 20권,유발 하라리,사피엔스 20권의 흥미로운 내용입니다.
51,역사,역사의 역사 21권,유시민,역사의 역사 21권의 흥미로운 내용입니다.
52,역사,사피엔스 22권,유발 하라리,사피엔스 22권의 흥미로운 내용입니다.
53,역사,사피엔스 23권,유발 하라리,사피엔스 23권의 흥미로운 내용입니다.
54,역사,"총, 균, 쇠 24권",재레드 다이아몬드,"총, 균, 쇠 24권의 흥미로운 내용입니다."
55,역사,"총, 균, 쇠 25권",재레드 다이아몬드,"총, 균, 쇠 25권의 흥미로운 내용입니다."
56,역사,"총, 균, 쇠 26권",재레드 다이아몬드,"총, 균, 쇠 26권의 흥미로운 내용입니다."
57,역사,"총, 균, 쇠 27권",재레드 다이아몬드,"총, 균, 쇠 27권의 흥미로운 내용입니다."
58,역사,"총, 균, 쇠 28권",재레드 다이아몬드,"총, 균, 쇠 28권의 흥미로운 내용입니다."
59,역사,역사의 역사 29권,유시민,역사의 역사 29권의 흥미로운 내용입니다.
60,역사,"총, 균, 쇠 30권",재레드 다이아몬드,"총, 균, 쇠 30권의 흥미로운 내용입니다."
61,추리,히가시노 게이고의 추리 1권,히가시노 게이고,히가시노 게이고의 추리 1권의 흥미로운 내용입니다.
62,추리,히가시노 게이고의 추리 2권,히가시노 게이고,히가시노 게이고의 추리 2권의 흥미로운 내용입니다.
63,추리,히가시노 게이고의 추리 3권,히가시노 게이고,히가시노 게이고의 추리 3권의 흥미로운 내용입니다.
64,추리,오리엔트 특급 살인 4권,애거서 크리스티,오리엔트 특급 살인 4권의 흥미로운 내용입니다.
65,추리,셜록 홈즈 전집 5권,아서 코난 도일,셜록 홈즈 전집 5권의 흥미로운 내용입니다.
66,추리,오리엔트 특급 살인 6권,애거서 크리스티,오리엔트 특급 살인 6권의 흥미로운 내용입니다.
67,추리,오리엔트 특급 살인 7권,애거서 크리스티,오리엔트 특급 살인 7권의 흥미로운 내용입니다.
68,추리,히가시노 게이고의 추리 8권,히가시노 게이고,히가시노 게이고의 추리 8권의 흥미로운 내용입니다.
69,추리,셜록 홈즈 전집 9권,아서 코난 도일,셜록 홈즈 전집 9권의 흥미로운 내용입니다.
70,추리,히가시노 게이고의 추리 10권,히가시노 게이고,히가시노 게이고의 추리 10권의 흥미로운 내용입니다.
71,추리,오리엔트 특급 살인 11권,애거서 크리스티,오리엔트 특급 살인 11권의 흥미로운 내용입니다.
72,추리,히가시노 게이고의 추리 12권,히가시노 게이고,히가시노 게이고의 추리 12권의 흥미로운 내용입니다.
73,추리,오리엔트 특급 살인 13권,애거서 크리스티,오리엔트 특급 살인 13권의 흥미로운 내용입니다.
74,추리,셜록 홈즈 전집 14권,아서 코난 도일,셜록 홈즈 전집 14권의 흥미로운 내용입니다.
75,추리,셜록 홈즈 전집 15권,아서 코난 도일,셜록 홈즈 전집 15권의 흥미로운 내용입니다.
76,추리,히가시노 게이고의 추리 16권,히가시노 게이고,히가시노 게이고의 추리 16권의 흥미로운 내용입니다.
77,추리,오리엔트 특급 살인 17권,애거서 크리스티,오리엔트 특급 살인 17권의 흥미로운 내용입니다.
78,추리,오리엔트 특급 살인 18권,애거서 크리스티,오리엔트 특급 살인 18권의 흥미로운 내용입니다.
79,추리,셜록 홈즈 전집 19권,아서 코난 도일,셜록 홈즈 전집 19권의 흥미로운 내용입니다.
80,추리,오리엔트 특급 살인 20권,애거서 크리스티,오리엔트 특급 살인 20권의 흥미로운 내용입니다.
81,추리,오리엔트 특급 살인 21권,애거서 크리스티,오리엔트 특급 살인 21권의 흥미로운 내용입니다.
82,추리,셜록 홈즈 전집 22권,아서 코난 도일,셜록 홈즈 전집 22권의 흥미로운 내용입니다.
83,추리,오리엔트 특급 살인 23권,애거서 크리스티,오리엔트 특급 살인 23권의 흥미로운 내용입니다.
84,추리,셜록 홈즈 전집 24권,아서 코난 도일,셜록 홈즈 전집 24권의 흥미로운 내용입니다.
85,추리,셜록 홈즈 전집 25권,아서 코난 도일,셜록 홈즈 전집 25권의 흥미로운 내용입니다.
86,추리,오리엔트 특급 살인 26권,애거서 크리스티,오리엔트 특급 살인 26권의 흥미로운 내용입니다.
87,추리,오리엔트 특급 살인 27권,애거서 크리스티,오리엔트 특급 살인 27권의 흥미로운 내용입니다.
88,추리,오리엔트 특급 살인 28권,애거서 크리스티,오리엔트 특급 살인 28권의 흥미로운 내용입니다.
89,추리,히가시노 게이고의 추리 29권,히가시노 게이고,히가시노 게이고의 추리 29권의 흥미로운 내용입니다.
90,추리,히가시노 게이고의 추리 30권,히가시노 게이고,히가시노 게이고의 추리 30권의 흥미로운 내용입니다.
91,판타지,나니아 연대기 1권,C.S. 루이스,나니아 연대기 1권의 흥미로운 내용입니다.
92,판타지,반지의 제왕 2권,J.R.R. 톨킨,반지의 제왕 2권의 흥미로운 내용입니다.
93,판타지,나니아 연대기 3권,C.S. 루이스,나니아 연대기 3권의 흥미로운 내용입니다.
94,판타지,반지의 제왕 4권,J.R.R. 톨킨,반지의 제왕 4권의 흥미로운 내용입니다.
95,판타지,해리포터 시리즈 5권,J.K. 롤링,해리포터 시리즈 5권의 흥미로운 내용입니다.
96,판타지,나니아 연대기 6권,C.S. 루이스,나니아 연대기 6권의 흥미로운 내용입니다.
97,판타지,반지의 제왕 7권,J.R.R. 톨킨,반지의 제왕 7권의 흥미로운 내용입니다.
98,판타지,해리포터 시리즈 8권,J.K. 롤링,해리포터 시리즈 8권의 흥미로운 내용입니다.
99,판타지,나니아 연대기 9권,C.S. 루이스,나니아 연대기 9권의 흥미로운 내용입니다.
100,판타지,해리포터 시리즈 10권,J.K. 롤링,해리포터 시리즈 10권의 흥미로운 내용입니다.
101,판타지,반지의 제왕 11권,J.R.R. 톨킨,반지의 제왕 11권의 흥미로운 내용입니다.
102,판타지,해리포터 시리즈 12권,J.K. 롤링,해리포터 시리즈 12권의 흥미로운 내용입니다.
103,판타지,해리포터 시리즈 13권,J.K. 롤링,해리포터 시리즈 13권의 흥미로운 내용입니다.
104,판타지,반지의 제왕 14권,J.R.R. 톨킨,반지의 제왕 14권의 흥미로운 내용입니다.
105,판타지,해리포터 시리즈 15권,J.K. 롤링,해리포터 시리즈 15권의 흥미로운 내용입니다.
106,판타지,해리포터 시리즈 16권,J.K. 롤링,해리포터 시리즈 16권의 흥미로운 내용입니다.
107,판타지,반지의 제왕 17권,J.R.R. 톨킨,반지의 제왕 17권의 흥미로운 내용입니다.
108,판타지,해리포터 시리즈 18권,J.K. 롤링,해리포터 시리즈 18권의 흥미로운 내용입니다.
109,판타지,나니아 연대기 19권,C.S. 루이스,나니아 연대기 19권의 흥미로운 내용입니다.
110,판타지,해리포터 시리즈 20권,J.K. 롤링,해리포터 시리즈 20권의 흥미로운 내용입니다.
111,판타지,반지의 제왕 21권,J.R.R. 톨킨,반지의 제왕 21권의 흥미로운 내용입니다.
112,판타지,해리포터 시리즈 22권,J.K. 롤링,해리포터 시리즈 22권의 흥미로운 내용입니다.
113,판타지,해리포터 시리즈 23권,J.K. 롤링,해리포터 시리즈 23권의 흥미로운 내용입니다.
114,판타지,반지의 제왕 24권,J.R.R. 톨킨,반지의 제왕 24권의 흥미로운 내용입니다.
115,판타지,해리포터 시리즈 25권,J.K. 롤링,해리포터 시리즈 25권의 흥미로운 내용입니다.
116,판타지,반지의 제왕 26권,J.R.R. 톨킨,반지의 제왕 26권의 흥미로운 내용입니다.
117,판타지,반지의 제왕 27권,J.R.R. 톨킨,반지의 제왕 27권의 흥미로운 내용입니다.
118,판타지,반지의 제왕 28권,J.R.R. 톨킨,반지의 제왕 28권의 흥미로운 내용입니다.
119,판타지,반지의 제왕 29권,J.R.R. 톨킨,반지의 제왕 29권의 흥미로운 내용입니다.
120,판타지,나니아 연대기 30권,C.S. 루이스,나니아 연대기 30권의 흥미로운 내용입니다.
121,과학,이기적 유전자 1권,리처드 도킨스,이기적 유전자 1권의 흥미로운 내용입니다.
122,과학,이기적 유전자 2권,리처드 도킨스,이기적 유전자 2권의 흥미로운 내용입니다.
123,과학,이기적 유전자 3권,리처드 도킨스,이기적 유전자 3권의 흥미로운 내용입니다.
124,과학,코스모스 4권,칼 세이건,코스모스 4권의 흥미로운 내용입니다.
125,과학,이기적 유전자 5권,리처드 도킨스,이기적 유전자 5권의 흥미로운 내용입니다.
126,과학,짧고 쉽게 쓴 시간의 역사 6권,스티븐 호킹,짧고 쉽게 쓴 시간의 역사 6권의 흥미로운 내용입니다.
127,과학,이기적 유전자 7권,리처드 도킨스,이기적 유전자 7권의 흥미로운 내용입니다.
128,과학,코스모스 8권,칼 세이건,코스모스 8권의 흥미로운 내용입니다.
129,과학,이기적 유전자 9권,리처드 도킨스,이기적 유전자 9권의 흥미로운 내용입니다.
130,과학,코스모스 10권,칼 세이건,코스모스 10권의 흥미로운 내용입니다.
131,과학,이기적 유전자 11권,리처드 도킨스,이기적 유전자 11권의 흥미로운 내용입니다.
132,과학,짧고 쉽게 쓴 시간의 역사 12권,스티븐 호킹,짧고 쉽게 쓴 시간의 역사 12권의 흥미로운 내용입니다.
133,과학,코스모스 13권,칼 세이건,코스모스 13권의 흥미로운 내용입니다.
134,과학,코스모스 14권,칼 세이건,코스모스 14권의 흥미로운 내용입니다.
135,과학,짧고 쉽게 쓴 시간의 역사 15권,스티븐 호킹,짧고 쉽게 쓴 시간의 역사 15권의 흥미로운 내용입니다.
136,과학,짧고 쉽게 쓴 시간의 역사 16권,스티븐 호킹,짧고 쉽게 쓴 시간의 역사 16권의 흥미로운 내용입니다.
137,과학,이기적 유전자 17권,리처드 도킨스,이기적 유전자 17권의 흥미로운 내용입니다.
138,과학,이기적 유전자 18권,리처드 도킨스,이기적 유전자 18권의 흥미로운 내용입니다.
139,과학,짧고 쉽게 쓴 시간의 역사 19권,스티븐 호킹,짧고 쉽게 쓴 시간의 역사 19권의 흥미로운 내용입니다.
140,과학,짧고 쉽게 쓴 시간의 역사 20권,스티븐 호킹,짧고 쉽게 쓴 시간의 역사 20권의 흥미로운 내용입니다.
141,과학,이기적 유전자 21권,리처드 도킨스,이기적 유전자 21권의 흥미로운 내용입니다.
142,과학,이기적 유전자 22권,리처드 도킨스,FLAG{library_blind_sql_injection_hidden}
143,과학,짧고 쉽게 쓴 시간의 역사 23권,스티븐 호킹,짧고 쉽게 쓴 시간의 역사 23권의 흥미로운 내용입니다.
144,과학,짧고 쉽게 쓴 시간의 역사 24권,스티븐 호킹,짧고 쉽게 쓴 시간의 역사 24권의 흥미로운 내용입니다.
145,과학,이기적 유전자 25권,리처드 도킨스,이기적 유전자 25권의 흥미로운 내용입니다.
146,과학,짧고 쉽게 쓴 시간의 역사 26권,스티븐 호킹,짧고 쉽게 쓴 시간의 역사 26권의 흥미로운 내용입니다.
147,과학,코스모스 27권,칼 세이건,코스모스 27권의 흥미로운 내용입니다.
148,과학,코스모스 28권,칼 세이건,코스모스 28권의 흥미로운 내용입니다.
149,과학,짧고 쉽게 쓴 시간의 역사 29권,스티븐 호킹,짧고 쉽게 쓴 시간의 역사 29권의 흥미로운 내용입니다.
150,과학,이기적 유전자 30권,리처드 도킨스,이기적 유전자 30권의 흥미로운 내용입니다.
151,자기계발,아침형 인간 1권,사이쇼 히로시,아침형 인간 1권의 흥미로운 내용입니다.
152,자기계발,아웃라이어 2권,말콤 글래드웰,아웃라이어 2권의 흥미로운 내용입니다.
153,자기계발,아웃라이어 3권,말콤 글래드웰,아웃라이어 3권의 흥미로운 내용입니다.
154,자기계발,아침형 인간 4권,사이쇼 히로시,아침형 인간 4권의 흥미로운 내용입니다.
155,자기계발,미라클 모닝 5권,할 엘로드,미라클 모닝 5권의 흥미로운 내용입니다.
156,자기계발,아웃라이어 6권,말콤 글래드웰,아웃라이어 6권의 흥미로운 내용입니다.
157,자기계발,아침형 인간 7권,사이쇼 히로시,아침형 인간 7권의 흥미로운 내용입니다.
158,자기계발,아침형 인간 8권,사이쇼 히로시,아침형 인간 8권의 흥미로운 내용입니다.
159,자기계발,아침형 인간 9권,사이쇼 히로시,아침형 인간 9권의 흥미로운 내용입니다.
160,자기계발,아침형 인간 10권,사이쇼 히로시,아침형 인간 10권의 흥미로운 내용입니다.
161,자기계발,아침형 인간 11권,사이쇼 히로시,아침형 인간 11권의 흥미로운 내용입니다.
162,자기계발,아침형 인간 12권,사이쇼 히로시,아침형 인간 12권의 흥미로운 내용입니다.
163,자기계발,미라클 모닝 13권,할 엘로드,미라클 모닝 13권의 흥미로운 내용입니다.
164,자기계발,미라클 모닝 14권,할 엘로드,미라클 모닝 14권의 흥미로운 내용입니다.
165,자기계발,미라클 모닝 15권,할 엘로드,미라클 모닝 15권의 흥미로운 내용입니다.
166,자기계발,아침형 인간 16권,사이쇼 히로시,아침형 인간 16권의 흥미로운 내용입니다.
167,자기계발,아웃라이어 17권,말콤 글래드웰,아웃라이어 17권의 흥미로운 내용입니다.
168,자기계발,아웃라이어 18권,말콤 글래드웰,아웃라이어 18권의 흥미로운 내용입니다.
169,자기계발,미라클 모닝 19권,할 엘로드,미라클 모닝 19권의 흥미로운 내용입니다.
170,자기계발,미라클 모닝 20권,할 엘로드,미라클 모닝 20권의 흥미로운 내용입니다.
171,자기계발,아침형 인간 21권,사이쇼 히로시,아침형 인간 21권의 흥미로운 내용입니다.
172,자기계발,미라클 모닝 22권,할 엘로드,미라클 모닝 22권의 흥미로운 내용입니다.
173,자기계발,아웃라이어 23권,말콤 글래드웰,아웃라이어 23권의 흥미로운 내용입니다.
174,자기계발,아침형 인간 24권,사이쇼 히로시,아침형 인간 24권의 흥미로운 내용입니다.
175,자기계발,아웃라이어 25권,말콤 글래드웰,아웃라이어 25권의 흥미로운 내용입니다.
176,자기계발,아침형 인간 26권,사이쇼 히로시,아침형 인간 26권의 흥미로운 내용입니다.
177,자기계발,미라클 모닝 27권,할 엘로드,미라클 모닝 27권의 흥미로운 내용입니다.
178,자기계발,아웃라이어 28권,말콤 글래드웰,아웃라이어 28권의 흥미로운 내용입니다.
179,자기계발,아침형 인간 29권,사이쇼 히로시,아침형 인간 29권의 흥미로운 내용입니다.
180,자기계발,미라클 모닝 30권,할 엘로드,미라클 모닝 30권의 흥미로운 내용입니다.
181,로맨스,오만과 편견 1권,제인 오스틴,오만과 편견 1권의 흥미로운 내용입니다.
182,로맨스,오만과 편견 2권,제인 오스틴,오만과 편견 2권의 흥미로운 내용입니다.
183,로맨스,노트북 3권,니콜라스 스파크스,노트북 3권의 흥미로운 내용입니다.
184,로맨스,오만과 편견 4권,제인 오스틴,오만과 편견 4권의 흥미로운 내용입니다.
185,로맨스,노트북 5권,니콜라스 스파크스,노트북 5권의 흥미로운 내용입니다.
186,로맨스,미 비포 유 6권,조조 모예스,미 비포 유 6권의 흥미로운 내용입니다.
187,로맨스,오만과 편견 7권,제인 오스틴,오만과 편견 7권의 흥미로운 내용입니다.
188,로맨스,오만과 편견 8권,제인 오스틴,오만과 편견 8권의 흥미로운 내용입니다.
189,로맨스,노트북 9권,니콜라스 스파크스,노트북 9권의 흥미로운 내용입니다.
190,로맨스,노트북 10권,니콜라스 스파크스,노트북 10권의 흥미로운 내용입니다.
191,로맨스,오만과 편견 11권,제인 오스틴,오만과 편견 11권의 흥미로운 내용입니다.
192,로맨스,노트북 12권,니콜라스 스파크스,노트북 12권의 흥미로운 내용입니다.
193,로맨스,오만과 편견 13권,제인 오스틴,오만과 편견 13권의 흥미로운 내용입니다.
194,로맨스,미 비포 유 14권,조조 모예스,미 비포 유 14권의 흥미로운 내용입니다.
195,로맨스,노트북 15권,니콜라스 스파크스,노트북 15권의 흥미로운 내용입니다.
196,로맨스,미 비포 유 16권,조조 모예스,미 비포 유 16권의 흥미로운 내용입니다.
197,로맨스,오만과 편견 17권,제인 오스틴,오만과 편견 17권의 흥미로운 내용입니다.
198,로맨스,노트북 18권,니콜라스 스파크스,노트북 18권의 흥미로운 내용입니다.
199,로맨스,미 비포 유 19권,조조 모예스,미 비포 유 19권의 흥미로운 내용입니다.
200,로맨스,노트북 20권,니콜라스 스파크스,노트북 20권의 흥미로운 내용입니다.
201,로맨스,오만과 편견 21권,제인 오스틴,오만과 편견 21권의 흥미로운 내용입니다.
202,로맨스,노트북 22권,니콜라스 스파크스,노트북 22권의 흥미로운 내용입니다.
203,로맨스,미 비포 유 23권,조조 모예스,미 비포 유 23권의 흥미로운 내용입니다.
204,로맨스,오만과 편견 24권,제인 오스틴,오만과 편견 24권의 흥미로운 내용입니다.
205,로맨스,노트북 25권,니콜라스 스파크스,노트북 25권의 흥미로운 내용입니다.
206,로맨스,오만과 편견 26권,제인 오스틴,오만과 편견 26권의 흥미로운 내용입니다.
207,로맨스,미 비포 유 27권,조조 모예스,미 비포 유 27권의 흥미로운 내용입니다.
208,로맨스,오만과 편견 28권,제인 오스틴,오만과 편견 28권의 흥미로운 내용입니다.
209,로맨스,미 비포 유 29권,조조 모예스,미 비포 유 29권의 흥미로운 내용입니다.
210,로맨스,노트북 30권,니콜라스 스파크스,노트북 30권의 흥미로운 내용입니다.
211,고전,1984 1권,조지 오웰,1984 1권의 흥미로운 내용입니다.
212,고전,1984 2권,조지 오웰,1984 2권의 흥미로운 내용입니다.
213,고전,1984 3권,조지 오웰,1984 3권의 흥미로운 내용입니다.
214,고전,동물 농장 4권,조지 오웰,동물 농장 4권의 흥미로운 내용입니다.
215,고전,1984 5권,조지 오웰,1984 5권의 흥미로운 내용입니다.
216,고전,죄와 벌 6권,도스토옙스키,죄와 벌 6권의 흥미로운 내용입니다.
217,고전,죄와 벌 7권,도스토옙스키,죄와 벌 7권의 흥미로운 내용입니다.
218,고전,1984 8권,조지 오웰,1984 8권의 흥미로운 내용입니다.
219,고전,1984 9권,조지 오웰,1984 9권의 흥미로운 내용입니다.
220,고전,죄와 벌 10권,도스토옙스키,죄와 벌 10권의 흥미로운 내용입니다.
221,고전,1984 11권,조지 오웰,1984 11권의 흥미로운 내용입니다.
222,고전,1984 12권,조지 오웰,1984 12권의 흥미로운 내용입니다.
223,고전,동물 농장 13권,조지 오웰,동물 농장 13권의 흥미로운 내용입니다.
224,고전,동물 농장 14권,조지 오웰,동물 농장 14권의 흥미로운 내용입니다.
225,고전,1984 15권,조지 오웰,1984 15권의 흥미로운 내용입니다.
226,고전,동물 농장 16권,조지 오웰,동물 농장 16권의 흥미로운 내용입니다.
227,고전,동물 농장 17권,조지 오웰,동물 농장 17권의 흥미로운 내용입니다.
228,고전,1984 18권,조지 오웰,1984 18권의 흥미로운 내용입니다.
229,고전,1984 19권,조지 오웰,1984 19권의 흥미로운 내용입니다.
230,고전,죄와 벌 20권,도스토옙스키,죄와 벌 20권의 흥미로운 내용입니다.
231,고전,동물 농장 21권,조지 오웰,동물 농장 21권의 흥미로운 내용입니다.
232,고전,죄와 벌 22권,도스토옙스키,죄와 벌 22권의 흥미로운 내용입니다.
233,고전,죄와 벌 23권,도스토옙스키,죄와 벌 23권의 흥미로운 내용입니다.
234,고전,동물 농장 24권,조지 오웰,동물 농장 24권의 흥미로운 내용입니다.
235,고전,1984 25권,조지 오웰,1984 25권의 흥미로운 내용입니다.
236,고전,죄와 벌 26권,도스토옙스키,죄와 벌 26권의 흥미로운 내용입니다.
237,고전,죄와 벌 27권,도스토옙스키,죄와 벌 27권의 흥미로운 내용입니다.
238,고전,죄와 벌 28권,도스토옙스키,죄와 벌 28권의 흥미로운 내용입니다.
239,고전,죄와 벌 29권,도스토옙스키,죄와 벌 29권의 흥미로운 내용입니다.
240,고전,동물 농장 30권,조지 오웰,동물 농장 30권의 흥미로운 내용입니다.
